-- MySQL dump 10.13  Distrib 8.0.17, for Linux (x86_64)
--
-- Host: localhost    Database: parkings
-- ------------------------------------------------------
-- Server version	8.0.17

/*!40101 SET @OLD_CHARACTER_SET_CLIENT=@@CHARACTER_SET_CLIENT */;
/*!40101 SET @OLD_CHARACTER_SET_RESULTS=@@CHARACTER_SET_RESULTS */;
/*!40101 SET @OLD_COLLATION_CONNECTION=@@COLLATION_CONNECTION */;
/*!50503 SET NAMES utf8mb4 */;
/*!40103 SET @OLD_TIME_ZONE=@@TIME_ZONE */;
/*!40103 SET TIME_ZONE='+00:00' */;
/*!40014 SET @OLD_UNIQUE_CHECKS=@@UNIQUE_CHECKS, UNIQUE_CHECKS=0 */;
/*!40014 SET @OLD_FOREIGN_KEY_CHECKS=@@FOREIGN_KEY_CHECKS, FOREIGN_KEY_CHECKS=0 */;
/*!40101 SET @OLD_SQL_MODE=@@SQL_MODE, SQL_MODE='NO_AUTO_VALUE_ON_ZERO' */;
/*!40111 SET @OLD_SQL_NOTES=@@SQL_NOTES, SQL_NOTES=0 */;

--
-- Table structure for table `credentials`
--

DROP TABLE IF EXISTS `credentials`;
/*!40101 SET @saved_cs_client     = @@character_set_client */;
/*!50503 SET character_set_client = utf8mb4 */;
CREATE TABLE `credentials` (
                               `id` int(11) NOT NULL AUTO_INCREMENT,
                               `username` text,
                               `password` text,
                               `email` text,
                               `points` int(11) DEFAULT NULL,
                               `role` text,
                               `token` text,
                               `expired` text,
                               `created_at` text,
                               `modified_at` text,
                               `deleted_at` text,
                               PRIMARY KEY (`id`)
) ENGINE=InnoDB AUTO_INCREMENT=105 DEFAULT CHARSET=utf8mb4;
/*!40101 SET character_set_client = @saved_cs_client */;

--
-- Dumping data for table `credentials`
--

LOCK TABLES `credentials` WRITE;
/*!40000 ALTER TABLE `credentials` DISABLE KEYS */;
INSERT INTO `credentials` VALUES (73,'huydv71271w111','a665a45920422f9d417e4867efdc4fb8a04a1f3fff1fa07e998e86f7f7a27ae3','dohuy171@gmail.com',0,'customer','','','2020-01-04T11:30:57+07:00','',''),(74,'huydv71271w1111','a665a45920422f9d417e4867efdc4fb8a04a1f3fff1fa07e998e86f7f7a27ae3','dohuy171@gmail.com',0,'customer','','','2020-01-04T11:31:17+07:00','',''),(75,'userna','5e884898da28047151d0e56f8dc6292773603d0d6aabbdd62a11ef721d1542d8','testemail@gmail.com',0,'customer','','','2020-01-04T11:35:48+07:00','',''),(76,'huydv','a665a45920422f9d417e4867efdc4fb8a04a1f3fff1fa07e998e86f7f7a27ae3','dohuy172@gmail.com',0,'admin','','','2020-01-04T11:43:24+07:00','',''),(77,'hdhshshs','bfa66c40b459b383de1d3abec61ef412399ef5b94d47493a27f323c162d591ff','hddjjs@gmail.com',0,'customer','','','2020-01-04T11:49:31+07:00','',''),(78,'usernssddddsa','5e884898da28047151d0e56f8dc6292773603d0d6aabbdd62a11ef721d1542d8','testemagggil@gmail.com',0,'customer','','','2020-01-04T12:08:32+07:00','',''),(79,'test','2c2e309f08dada7a3063bdf03bb9739d0375759035bc4debbb570358f09edcbc','gsd3fg@gmail.com',0,'customer','','','2020-01-04T12:11:36+07:00','',''),(80,'testfff','2c2e309f08dada7a3063bdf03bb9739d0375759035bc4debbb570358f09edcbc','gsd34fg@gmail.com',0,'customer','','','2020-01-04T12:11:45+07:00','',''),(81,'thinhnp5','0e02d3e840eab7d2f8acf30918ed7d3bdaeeb816a87d8659eb3f5b668d702ad7','npthinh124@gmail.com',7960,'customer','','','2020-01-04T15:42:57+07:00','',''),(82,'test123','28cb017dfc99073aa1b47c1b30f413e3ce774c4991eb4158de50f9dbb36d8043','gasd123g@gmail.com',0,'customer','','','2020-01-04T17:28:46+07:00','',''),(83,'thinhnp55','0e02d3e840eab7d2f8acf30918ed7d3bdaeeb816a87d8659eb3f5b668d702ad7','dohuy1721@gmail.com',10000,'customer','','','2020-01-04T17:30:10+07:00','',''),(84,'test1234','937e8d5fbb48bd4949536cd65b8d35c426b80d2f830c5c308e2cdec422ae2244','sfasdgd2g@gmail.com',0,'customer','','','2020-01-04T22:59:02+07:00','',''),(85,'huydo','7651d3a67ab074886f7a072906ad8ae7cbbdaac69cbe67c89bf4d1109d22aa26','dohuy173@gmail.com',0,'customer','','','2020-01-05T14:22:06+07:00','',''),(86,'user1','932f3c1b56257ce8539ac269d7aab42550dacf8818d075f0bdf1990562aae3ef','dfaf1dfasf@gmail.com',0,'customer','','','2020-01-05T16:28:22+07:00','',''),(87,'user2','932f3c1b56257ce8539ac269d7aab42550dacf8818d075f0bdf1990562aae3ef','dfaf2f3@gmail.com',280,'customer','','','2020-01-05T17:35:20+07:00','',''),(88,'huydvaaa','a665a45920422f9d417e4867efdc4fb8a04a1f3fff1fa07e998e86f7f7a27ae3','dohuy177@gmail.com',0,'customer','','','2020-01-08T20:14:25+07:00','',''),(89,'huydv212aaa','a665a45920422f9d417e4867efdc4fb8a04a1f3fff1fa07e998e86f7f7a27ae3','dohuy277@gmail.com',0,'customer','','','2020-01-08T20:17:58+07:00','',''),(90,'dohuy','ef797c8118f02dfb649607dd5d3f8c7623048c9c063d532cc95c5ed7a898a64f','dohuy1677@gmail.com',0,'customer','','','2020-01-12T17:52:42+07:00','',''),(91,'thinhnp96','932f3c1b56257ce8539ac269d7aab42550dacf8818d075f0bdf1990562aae3ef','dfasgv4t4fef@gmail.com',0,'customer','','','2020-01-12T17:52:53+07:00','',''),(92,'test9999','932f3c1b56257ce8539ac269d7aab42550dacf8818d075f0bdf1990562aae3ef','dsfag4gdwag@gmail.com',0,'customer','','','2020-01-13T00:07:27+07:00','',''),(93,'host9999','932f3c1b56257ce8539ac269d7aab42550dacf8818d075f0bdf1990562aae3ef','dvasvaf4v@gmail.com',54170,'customer','','','2020-01-13T00:07:59+07:00','',''),(94,'host8888','932f3c1b56257ce8539ac269d7aab42550dacf8818d075f0bdf1990562aae3ef','hshs7sheh@gmail.com',0,'customer','','','2020-01-13T18:57:11+07:00','',''),(95,'user1234','932f3c1b56257ce8539ac269d7aab42550dacf8818d075f0bdf1990562aae3ef','npthinhaa124@gmail.com',0,'customer','','','2020-01-13T19:06:08+07:00','',''),(96,'user12345','75426064bc34e20d1ba323adbec4f8575b10be54c8ad1e45c8c95a75de60e784','hsha6hshs@gmail.com',0,'customer','','','2020-01-13T19:20:16+07:00','',''),(97,'user1111','932f3c1b56257ce8539ac269d7aab42550dacf8818d075f0bdf1990562aae3ef','hsha32hs@gmail.com',0,'customer','','','2020-01-13T19:21:05+07:00','',''),(98,'huydv1','a665a45920422f9d417e4867efdc4fb8a04a1f3fff1fa07e998e86f7f7a27ae3','dohuy111@gmail.com',0,'customer','','','2020-01-14T04:47:53+07:00','',''),(99,'host7777','932f3c1b56257ce8539ac269d7aab42550dacf8818d075f0bdf1990562aae3ef','phando10@gmail.com',50,'customer','','','2020-01-15T02:26:32+07:00','',''),(100,'test7777','932f3c1b56257ce8539ac269d7aab42550dacf8818d075f0bdf1990562aae3ef','bzbsb2@gmail.com',925,'customer','','','2020-01-15T02:26:57+07:00','',''),(101,'test6666','932f3c1b56257ce8539ac269d7aab42550dacf8818d075f0bdf1990562aae3ef','sdgasdg33@gmail.com',950,'customer','','','2020-01-15T03:55:51+07:00','',''),(102,'host5555','932f3c1b56257ce8539ac269d7aab42550dacf8818d075f0bdf1990562aae3ef','faf4rv@gmail.com',110,'customer','','','2020-01-15T04:38:11+07:00','',''),(103,'test5555','932f3c1b56257ce8539ac269d7aab42550dacf8818d075f0bdf1990562aae3ef','effe22f@gmail.com',890,'customer','','','2020-01-15T04:38:39+07:00','',''),(104,'host2','932f3c1b56257ce8539ac269d7aab42550dacf8818d075f0bdf1990562aae3ef','host2a@gmail.com',580,'customer','','','2020-01-15T09:18:24+07:00','','');
/*!40000 ALTER TABLE `credentials` ENABLE KEYS */;
UNLOCK TABLES;

--
-- Table structure for table `owners`
--

DROP TABLE IF EXISTS `owners`;
/*!40101 SET @saved_cs_client     = @@character_set_client */;
/*!50503 SET character_set_client = utf8mb4 */;
CREATE TABLE `owners` (
                          `credentialId` int(11) NOT NULL,
                          `fullName` text,
                          `cmndImage` text,
                          `address` text,
                          `phoneNumber` text,
                          `status` text,
                          `created_at` text,
                          `modified_at` text,
                          PRIMARY KEY (`credentialId`),
                          CONSTRAINT `fk_credential1` FOREIGN KEY (`credentialId`) REFERENCES `credentials` (`id`)
) ENGINE=InnoDB DEFAULT CHARSET=utf8mb4;
/*!40101 SET character_set_client = @saved_cs_client */;

--
-- Dumping data for table `owners`
--

LOCK TABLES `owners` WRITE;
/*!40000 ALTER TABLE `owners` DISABLE KEYS */;
INSERT INTO `owners` VALUES (76,'wewqeqweq','SAdadsadasd','sadasdas','21312312','DISABLED','2020-01-13T18:38:16+07:00','2020-01-14T18:58:50+07:00'),(81,'Nguyễn Phu Thinh','http://localhost:8085/(2020-01-07T20:18:43+07:00)','412 Ngoc Thụy','0123435235','ENABLED','2020-01-07T20:18:43+07:00','2020-01-12T17:34:57+07:00'),(86,'nguyen phu thinh','http://localhost:8085/(2020-01-12T13:35:21+07:00)','ha noi','099999999','ENABLED','2020-01-12T13:35:21+07:00',''),(91,'Nguyen Phu Thinh','http://10.124.0.32:8085/(2020-01-12T17:53:42+07:00)','HN','0379395295','ENABLED','2020-01-12T17:53:42+07:00',''),(93,'Nguyễn Phu Thịnh','http://10.124.0.32:8085/(2020-01-13T00:09:03+07:00)','HN','0379395295','DISABLED','2020-01-13T00:09:03+07:00','2020-01-14T19:03:08+07:00'),(95,'nguyễn phú thịnh','http://192.168.1.191:8085/(2020-01-13T19:08:51+07:00)','412 ngọc thụy','0379395295','ENABLED','2020-01-13T19:08:51+07:00',''),(98,'Do Huy','http://localhost:8085/image.png','ha noi','0967241111','DISABLED','2020-01-14T04:48:57+07:00','2020-01-14T18:51:13+07:00'),(99,'ngyễn host','http://192.168.1.191:8085/(2020-01-15T02:28:58+07:00)','host','9999999999','ENABLE','2020-01-15T02:28:58+07:00',''),(100,'aaaaaaaa','http://192.168.1.191:8085/(2020-01-15T02:31:33+07:00)','aaaaaaa','091231233','ENABLE','2020-01-15T02:31:33+07:00',''),(102,'Host','http://45.118.145.149:9099/(2020-01-15T04:40:03+07:00)','Host','1111111111','ENABLE','2020-01-15T04:40:03+07:00',''),(104,'host2','http://45.118.145.149:9099/(2020-01-15T09:19:25+07:00)','host2','0379395295','ENABLE','2020-01-15T09:19:25+07:00','');
/*!40000 ALTER TABLE `owners` ENABLE KEYS */;
UNLOCK TABLES;

--
-- Table structure for table `parkings`
--

DROP TABLE IF EXISTS `parkings`;
/*!40101 SET @saved_cs_client     = @@character_set_client */;
/*!50503 SET character_set_client = utf8mb4 */;
CREATE TABLE `parkings` (
                            `id` int(11) NOT NULL AUTO_INCREMENT,
                            `parkingName` text,
                            `properties` text,
                            `address` text,
                            `kindOf` text,
                            `payment` text,
                            `longitude` text,
                            `latitude` text,
                            `capacity` text,
                            `ownerId` int(11) DEFAULT NULL,
                            `blockAmount` int(11) DEFAULT NULL,
                            `created_at` text,
                            `modified_at` text,
                            `deleted_at` text,
                            `describe` text CHARACTER SET utf8mb4,
                            `parkingImages` text,
                            `certificateOfland` text,
                            `status` text,
                            PRIMARY KEY (`id`),
                            KEY `fk_owner` (`ownerId`),
                            CONSTRAINT `fk_owner` FOREIGN KEY (`ownerId`) REFERENCES `owners` (`credentialId`)
) ENGINE=InnoDB AUTO_INCREMENT=83 DEFAULT CHARSET=utf8mb4 ;
/*!40101 SET character_set_client = @saved_cs_client */;

--
-- Dumping data for table `parkings`
--

LOCK TABLES `parkings` WRITE;
/*!40000 ALTER TABLE `parkings` DISABLE KEYS */;
INSERT INTO `parkings` VALUES (39,'458 Phố Minh Khai',',Gửi qua đêm,Có mái che','458 Phố Minh Khai','Điểm đỗ ô tô, xe máy','Tiền mặt','105.8671399','20.997256','50/50',81,50000,'2020-01-07T20:20:02+07:00','12312312','','mo ta','http://localhost:8085/(2020-01-07T20:20:01+07:00)','','APPROVED'),(40,'456 Phố Minh Khai',',Gửi qua đêm,Có mái che','456 Phố Minh Khai','Điểm đỗ xe máy','Tiền mặt','105.868188','20.997611','20/20',81,10000,'2020-01-07T20:58:18+07:00','12312312','','a','http://192.168.137.221:8085/(2020-01-07T20:58:18+07:00)','','APPROVED'),(43,'500 Phố Minh Khai',',Đỗ qua đêm,Mái che','500 Phố Minh Khai','Điểm đỗ ô tô, xe máy','Hỗ trợ cả tiền mặt và điểm','105.868888','20.998487','50/50',86,20000,'2020-01-12T13:36:27+07:00','12312312','','doi dien time city','http://localhost:8085/(2020-01-12T13:36:27+07:00)','','APPROVED'),(44,'346 Bến Vân Đồn','','346 Bến Vân Đồn','Điểm đỗ xe máy','Tiền mặt','106.6924247','10.757158','44/44',86,44,'2020-01-12T15:03:43+07:00','12312312','','','http://10.124.0.32:8085/(2020-01-12T15:03:43+07:00)','','APPROVED'),(45,'600 Phố Minh Khai',',Đỗ qua đêm,Mái che','600 Phố Minh Khai','Điểm đỗ xe máy','Hỗ trợ cả tiền mặt và điểm','105.8705111','20.9990473','50/50',81,50000,'2020-01-12T17:02:10+07:00','12312312','','','http://10.124.0.32:8085/(2020-01-12T17:02:09+07:00)','','APPROVED'),(46,'25 Phố Minh Khai',',Đỗ qua đêm,Mái che','25 Phố Minh Khai','Điểm đỗ ô tô, xe máy','Hỗ trợ cả tiền mặt và điểm','105.851579','20.995777','50/50',91,20000,'2020-01-12T17:55:03+07:00','12312312','','gan time city','http://10.124.0.32:8085/(2020-01-12T17:55:02+07:00)','','APPROVED'),(47,'412 Ngọc Thuỵ',',Đỗ qua đêm,Mái che','412 Ngọc Thuỵ','Điểm đỗ ô tô, xe máy','Tiền mặt','105.8650209','21.0626644','50/50',86,100000,'2020-01-12T22:19:29+07:00','12312312','','Nha có cửa đỏ','http://10.124.0.32:8085/(2020-01-12T22:19:29+07:00)','','APPROVED'),(48,'22 Minh Khai',',Đỗ qua đêm,Mái che','22 Minh Khai','Điểm đỗ ô tô, xe máy','Hỗ trợ cả tiền mặt và điểm','106.684977','20.860589','50/50',86,20000,'2020-01-12T22:54:06+07:00','12312312','','aaaaa','http://10.124.0.32:8085/(2020-01-12T22:54:06+07:00)','','APPROVED'),(49,'200 Phố Minh Khai',',Đỗ qua đêm,Mái che','200 Phố Minh Khai','Điểm đỗ ô tô, xe máy','Hỗ trợ cả tiền mặt và điểm','105.8544738','20.9952696','50/50',81,50,'2020-01-12T23:03:36+07:00','12312312','','','http://10.124.0.32:8085/(2020-01-12T22:59:40+07:00)','','APPROVED'),(50,'100 Phố Minh Khai','Camera,Đỗ qua đêm,Mái che','100 Phố Minh Khai','Điểm đỗ ô tô, xe máy','Hỗ trợ cả tiền mặt và điểm','105.8520615','20.9955449','50/50',81,20000,'2020-01-12T23:04:29+07:00','213123','','','http://10.124.0.32:8085/(2020-01-12T23:04:29+07:00)','','APPROVED'),(51,'3 Minh Khai','Camera,Đỗ qua đêm,Mái che','3 Minh Khai','Điểm đỗ ô tô, xe máy','Hỗ trợ cả tiền mặt và điểm','106.685146','20.863504','22/22',81,20000,'2020-01-12T23:20:10+07:00','12312312','','','http://10.124.0.32:8085/(2020-01-12T23:19:38+07:00)','','APPROVED'),(52,'45 Phố Minh Khai','a,b,c','45 Phố Minh Khai','Điểm đỗ xe máy','Tiền mặt','105.851967','20.995729','55/55',81,5555,'2020-01-12T23:26:43+07:00','12312312','','','http://10.124.0.32:8085/(2020-01-12T23:26:43+07:00)','','APPROVED'),(53,'60 Minh Khai','Camera,Đỗ qua đêm,Mái che','60 Minh Khai','Điểm đỗ xe máy','Tiền mặt','106.6851234','20.8589675','50/50',81,7668,'2020-01-12T23:28:58+07:00','12312312','','','http://10.124.0.32:8085/(2020-01-12T23:28:57+07:00)','','APPROVED'),(54,'50 Bạch Mai','Camera,Đỗ qua đêm,Mái che','50 Bạch Mai','Điểm đỗ ô tô, xe máy','Hỗ trợ cả tiền mặt và điểm','105.851546','20.9987229','50/50',81,5,'2020-01-12T23:34:19+07:00','12312312','','','http://10.124.0.32:8085/(2020-01-12T23:34:19+07:00)','','APPROVED'),(55,'100 Phố Minh Khai','','100 Phố Minh Khai','Điểm đỗ xe máy','Tiền mặt','105.8520615','20.9955449','50/50',81,50000,'2020-01-12T23:43:19+07:00','213123','','','http://10.124.0.32:8085/(2020-01-12T23:43:18+07:00)','','APPROVED'),(56,'255 Bạch Mai','','255 Bạch Mai','Điểm đỗ xe máy','Tiền mặt','105.8512886','21.0033936','50/50',81,5555,'2020-01-12T23:45:36+07:00','12312312','','','http://10.124.0.32:8085/(2020-01-12T23:45:36+07:00)','','APPROVED'),(57,'12 Đại Cồ Việt','Camera,Đỗ qua đêm,Mái che','12 Đại Cồ Việt','Điểm đỗ ô tô, xe máy','Điểm','105.850379','21.008759','50/50',93,50000,'2020-01-13T00:16:31+07:00','12312312','','gan bach mai','http://10.124.0.32:8085/(2020-01-13T00:16:31+07:00)','','APPROVED'),(58,'20 Đại Cồ Việt','','20 Đại Cồ Việt','Điểm đỗ ô tô','Điểm','105.850003','21.008711','40/40',93,15000,'2020-01-13T00:17:58+07:00','12312312','','','http://10.124.0.32:8085/(2020-01-13T00:17:57+07:00)','','APPROVED'),(59,'15 Phố Tố Hữu','Camera,Đỗ qua đêm,Mái che','15 Phố Tố Hữu','Điểm đỗ xe máy','Tiền mặt','105.7950719','20.9979027','50/50',93,15000,'2020-01-13T16:41:43+07:00','12312312','','gần techmaster','http://10.124.0.32:8085/(2020-01-13T16:41:42+07:00)','','APPROVED'),(60,'123 Ngọc Thuỵ','','123 Ngọc Thuỵ','Điểm đỗ ô tô, xe máy','Hỗ trợ cả tiền mặt và điểm','105.8647316','21.049917','40/40',93,20000,'2020-01-13T17:27:00+07:00','12312312','','','http://10.124.0.32:8085/(2020-01-13T17:27:00+07:00)','','APPROVED'),(61,'142 Ngọc Thuỵ','Camera,Mái che','142 Ngọc Thuỵ','Điểm đỗ xe máy','Tiền mặt','105.8641583','21.0521778','15/15',93,40000,'2020-01-13T17:28:06+07:00','12312312','','mô tả','http://10.124.0.32:8085/(2020-01-13T17:28:06+07:00)','','APPROVED'),(62,'180 Ngọc Thuỵ','','180 Ngọc Thuỵ','Điểm đỗ xe máy','Hỗ trợ cả tiền mặt và điểm','105.8646471','21.0535787','10/10',93,60000,'2020-01-13T17:29:54+07:00','12312312','','ja','http://10.124.0.32:8085/(2020-01-13T17:29:54+07:00)','','APPROVED'),(63,'450 Ngọc Thuỵ','Camera,Đỗ qua đêm,Mái che','450 Ngọc Thuỵ','Điểm đỗ xe máy','Hỗ trợ cả tiền mặt và điểm','105.8663689','21.0634347','50/50',93,40000,'2020-01-13T17:53:14+07:00','12312312','','mo tả','http://192.168.1.101:8085/(2020-01-13T17:53:14+07:00)','http://192.168.1.101:8085/(2020-01-13T17:53:14+07:00)','APPROVED'),(64,'612 Đường La Thành','Camera,Đỗ qua đêm,Mái che','612 Đường La Thành','Điểm đỗ ô tô, xe máy','Hỗ trợ cả tiền mặt và điểm','105.817857','21.023668','10/10',93,50000,'2020-01-13T18:28:23+07:00','12312312','','','http://192.168.1.101:8085/(2020-01-13T18:28:23+07:00)','','APPROVED'),(66,'wewqeqweq','','sadasdas','','','','','',76,0,'2020-01-13T18:39:04+07:00','12312312','','','SAdadsadasd','asdasdasdasdasd','APPROVED'),(67,'505 Phố Minh Khai','','505 Phố Minh Khai','Điểm đỗ xe máy','Tiền mặt','105.8704765','20.9996788','50/50',93,50000,'2020-01-13T18:52:24+07:00','12312312','','','http://192.168.1.191:8085/(2020-01-13T18:52:23+07:00)','','APPROVED'),(68,'100 Phố Tố Hữu','Camera,Đỗ qua đêm,Mái che','100 Phố Tố Hữu','Điểm đỗ ô tô, xe máy','Hỗ trợ cả tiền mặt và điểm','105.7559131','20.9717176','20/20',95,20000,'2020-01-13T19:11:07+07:00','213123','','','http://192.168.1.191:8085/(2020-01-13T19:11:07+07:00)','','APPROVED'),(69,'gara-huy','co mai che, co nguoi trong giu, gui qua dem','ha noi','xe may','tien mat','12312','1231431','123/1234',81,15000,'2020-01-14T00:13:06+07:00','12312312','','sadasdadasdas','http://sadsad.com','http://33dadad.com','APPROVED'),(70,'100 Đại Cồ Việt','Camera,Đỗ qua đêm,Mái che','100 Đại Cồ Việt','Điểm đỗ ô tô, xe máy','Điểm','105.842882','21.0076639','30/30',98,60000,'2020-01-14T04:59:33+07:00','213123','','','http://192.168.1.191:8085/(2020-01-14T04:59:32+07:00)','','APPROVED'),(71,'3 Hàng Quạt','','3 Hàng Quạt','Điểm đỗ xe máy','Tiền mặt','105.8502321','21.032964','50/50',81,20000,'2020-01-14T05:17:58+07:00','12312312','','','http://192.168.1.191:8085/(2020-01-14T05:17:58+07:00)','','APPROVED'),(72,'250 Đại Cồ Việt','Camera,Đỗ qua đêm,Mái che','250 Đại Cồ Việt','Điểm đỗ xe máy','Điểm','105.8455184','21.0080852','50/50',93,20000,'2020-01-14T16:47:43+07:00','2e12312','','','http://192.168.1.191:8085/(2020-01-14T16:47:43+07:00)','','APPROVED'),(73,'8 Tô Hiến Thành','Camera,Đỗ qua đêm,Mái che','8 Tô Hiến Thành','Điểm đỗ xe máy','Tiền mặt','105.8511622','21.01366239999999','20/20',93,20000,'2020-01-14T18:41:18+07:00','12312312','','','http://192.168.1.191:8085/(2020-01-14T18:41:17+07:00)','','APPROVED'),(74,'30 Tô Hiến Thành','Camera,Đỗ qua đêm,Mái che','30 Tô Hiến Thành','Điểm đỗ ô tô, xe máy','Điểm','105.8502995','21.0135434','50/50',93,50000,'2020-01-14T23:11:05+07:00','12312312','','','http://192.168.1.191:8085/(2020-01-14T23:11:05+07:00)','','APPROVED'),(75,'22 Hàng Quạt','Camera,Mái che','22 Hàng Quạt','Điểm đỗ xe máy','Tiền mặt','105.8496701','21.03292669999999','20/20',81,20000,'2020-01-14T23:48:39+07:00','12312312','','','http://192.168.1.191:8085/(2020-01-14T23:48:39+07:00)','','APPROVED'),(76,'gara-huy','co mai che, co nguoi trong giu, gui qua dem','ha noi','xe may','tien mat','12312222','1231431','123/1234',76,15000,'2020-01-15T02:16:42+07:00','2020-01-15T09:17:45+07:00','','sadasdadasdas','http://sadsad.com','http://33dadad.com','APPROVED'),(77,'100 Bà Triệu','Camera,Đỗ qua đêm,Mái che','100 Bà Triệu','Điểm đỗ ô tô, xe máy','Hỗ trợ cả tiền mặt và điểm','105.8490054','21.0172535','50/50',99,25000,'2020-01-15T02:46:50+07:00','213123','','gần phố huế','http://192.168.1.191:8085/(2020-01-15T02:46:50+07:00)','','APPROVED'),(78,'gara-huy','co mai che, co nguoi trong giu, gui qua dem','ha noi','xe may','tien mat','12312222','1231422331','123/1234',76,15000,'2020-01-15T03:20:38+07:00','','','sadasdadasdas','http://sadsad.com','http://33dadad.com','APPROVED'),(79,'250 Bà Triệu','','250 Bà Triệu','Điểm đỗ xe máy','Điểm','105.849168','21.014269','20/20',102,10000,'2020-01-15T04:40:43+07:00','2e12312','','','http://45.118.145.149:9099/(2020-01-15T04:40:43+07:00)','','APPROVED'),(80,'155 Bạch Mai','Camera,Đỗ qua đêm,Mái che','155 Bạch Mai','Điểm đỗ xe máy','Điểm','105.8512883','21.005558','20/20',104,20000,'2020-01-15T09:20:53+07:00','1231','','','http://45.118.145.149:9099/(2020-01-15T09:20:53+07:00)','','APPROVED'),(81,'aaaaaaa','','aaaaaaaaaaa','','','','-35.523285','12/12',76,12000,'2020-01-15T09:39:42+07:00','','','aaaaaaaa','http://cafefcdn.com/thumb_w/650/thumb_w/640/2015/bai-do-1426103128623.jpg?fbclid=IwAR3fKi1SgOYUMMODVdpLrA5aqGIluLc8da3aPxT8blC4WW7WMrwxzIomOxM','','APPROVED'),(82,'aaaaaaa','','aaaaaaaaaaa','','','','-35.523285','12/12',76,12000,'2020-01-15T09:39:49+07:00','','','aaaaaaaa','http://cafefcdn.com/thumb_w/650/thumb_w/640/2015/bai-do-1426103128623.jpg?fbclid=IwAR3fKi1SgOYUMMODVdpLrA5aqGIluLc8da3aPxT8blC4WW7WMrwxzIomOxM','','APPROVED');
/*!40000 ALTER TABLE `parkings` ENABLE KEYS */;
UNLOCK TABLES;

--
-- Table structure for table `ratings`
--

DROP TABLE IF EXISTS `ratings`;
/*!40101 SET @saved_cs_client     = @@character_set_client */;
/*!50503 SET character_set_client = utf8mb4 */;
CREATE TABLE `ratings` (
                           `id` int(11) NOT NULL AUTO_INCREMENT,
                           `stars` int(11) DEFAULT NULL,
                           `credentialId` int(11) DEFAULT NULL,
                           `parkingId` int(11) DEFAULT NULL,
                           PRIMARY KEY (`id`)
) ENGINE=InnoDB AUTO_INCREMENT=39 DEFAULT CHARSET=utf8mb4 ;
/*!40101 SET character_set_client = @saved_cs_client */;

--
-- Dumping data for table `ratings`
--

LOCK TABLES `ratings` WRITE;
/*!40000 ALTER TABLE `ratings` DISABLE KEYS */;
INSERT INTO `ratings` VALUES (4,3,81,43),(5,5,81,43),(6,4,81,43),(7,4,81,0),(8,5,81,0),(9,2,81,0),(10,2,92,26),(11,1,92,58),(12,5,92,58),(13,4,92,58),(14,4,92,58),(15,1,93,68),(16,5,93,68),(17,2,81,72),(18,2,81,73),(19,3,81,73),(20,4,81,72),(21,5,81,72),(22,4,81,72),(23,2,81,73),(24,3,81,73),(25,5,81,74),(26,3,81,74),(27,3,81,74),(28,3,81,74),(29,3,81,74),(30,5,101,77),(31,3,103,79),(32,3,103,79),(33,5,103,79),(34,5,103,79),(35,3,87,80),(36,3,87,80),(37,5,87,80),(38,5,87,80);
/*!40000 ALTER TABLE `ratings` ENABLE KEYS */;
UNLOCK TABLES;

--
-- Table structure for table `transactions`
--

DROP TABLE IF EXISTS `transactions`;
/*!40101 SET @saved_cs_client     = @@character_set_client */;
/*!50503 SET character_set_client = utf8mb4 */;
CREATE TABLE `transactions` (
                                `id` int(11) NOT NULL AUTO_INCREMENT,
                                `credentialId` int(11) NOT NULL,
                                `parkingId` int(11) NOT NULL,
                                `licence` text,
                                `session` text,
                                `phoneNumber` text,
                                `requestedPayment` text,
                                `startTime` text,
                                `endTime` text,
                                `amount` int(11) DEFAULT NULL,
                                `status` text,
                                `reasonMsg` text,
                                `created_at` text,
                                `modified_at` text,
                                PRIMARY KEY (`id`),
                                KEY `fk_credential` (`credentialId`),
                                KEY `fk_parking` (`parkingId`),
                                CONSTRAINT `fk_credential` FOREIGN KEY (`credentialId`) REFERENCES `credentials` (`id`),
                                CONSTRAINT `fk_parking` FOREIGN KEY (`parkingId`) REFERENCES `parkings` (`id`)
) ENGINE=InnoDB AUTO_INCREMENT=95 DEFAULT CHARSET=utf8mb4 ;
/*!40101 SET character_set_client = @saved_cs_client */;

--
-- Dumping data for table `transactions`
--

LOCK TABLES `transactions` WRITE;
/*!40000 ALTER TABLE `transactions` DISABLE KEYS */;
INSERT INTO `transactions` VALUES (33,93,71,'30M49999','1','09130533311','Tiền mặt','2020-01-14T05:45:00.000Z','2020-01-14T06:45:00.000Z',20000,'4','','2020-01-14T05:20:18+07:00',''),(34,81,72,'30A99999','1','0379395295','Điểm','2020-01-14T17:45:00.000Z','2020-01-14T18:45:00.000Z',20000,'1','','2020-01-14T17:32:33+07:00',''),(35,81,72,'30A8888','2','0379395295','Điểm','2020-01-14T17:45:00.000Z','2020-01-14T19:45:00.000Z',40000,'1','','2020-01-14T17:36:12+07:00',''),(36,81,72,'30A7777','4','0379395295','Điểm','2020-01-14T17:45:00.000Z','2020-01-14T21:45:00.000Z',80000,'1','','2020-01-14T17:37:08+07:00',''),(37,81,72,'30A12345','4','0379395295','Điểm','2020-01-14T17:45:00.000Z','2020-01-14T21:45:00.000Z',80000,'1','','2020-01-14T17:39:56+07:00',''),(38,81,72,'30A99999','2','0379395295','Điểm','2020-01-14T17:45:00.000Z','2020-01-14T19:45:00.000Z',40000,'1','','2020-01-14T17:44:53+07:00',''),(39,93,40,'30A3424','3','43423432','Tiền mặt','2020-01-14T18:45:00.000Z','2020-01-14T21:45:00.000Z',30000,'1','','2020-01-14T18:21:37+07:00',''),(40,81,73,'30F99999','2','0912124124','Tiền mặt','2020-01-14T18:45:00.000Z','2020-01-14T20:45:00.000Z',40000,'5','','2020-01-14T18:45:38+07:00',''),(41,81,72,'30A12345','2','01414144','Điểm','2020-01-14T19:00:00.000Z','2020-01-14T21:00:00.000Z',40000,'1','','2020-01-14T19:58:37+07:00',''),(42,81,73,'635623','2','356236236','Tiền mặt','2020-01-14T20:45:00.000Z','2020-01-14T22:45:00.000Z',40000,'4','','2020-01-14T20:31:50+07:00',''),(43,81,73,'56585785','2','090908097','Tiền mặt','2020-01-14T20:45:00.000Z','2020-01-14T22:45:00.000Z',40000,'5','','2020-01-14T20:34:25+07:00',''),(44,81,73,'30A-9999','2','0379395295','Tiền mặt','2020-01-14T21:45:00.000Z','2020-01-14T23:45:00.000Z',40000,'1','','2020-01-14T21:34:43+07:00',''),(45,81,72,'9999','1','9999','Điểm','2020-01-14T21:45:00.000Z','2020-01-14T22:45:00.000Z',20000,'4','','2020-01-14T21:43:04+07:00',''),(46,81,74,'30A-9999','2','0379395295','Điểm','2020-01-15T11:45:00.000Z','2020-01-15T13:45:00.000Z',100000,'1','','2020-01-14T23:16:20+07:00',''),(47,81,74,'11','6','11','Điểm','2020-01-14T23:45:00.000Z','2020-01-15T05:45:00.000Z',300000,'4','','2020-01-14T23:33:29+07:00',''),(48,81,74,'22','24','22','Điểm','2020-01-16T23:45:00.000Z','2020-01-17T23:45:00.000Z',1200000,'4','','2020-01-14T23:34:37+07:00',''),(49,81,74,'50','24','50','Điểm','2020-01-14T23:45:00.000Z','2020-01-15T23:45:00.000Z',1200000,'4','','2020-01-14T23:46:04+07:00',''),(50,93,75,'30A','24','30','Tiền mặt','2020-01-14T23:45:00.000Z','2020-01-15T23:45:00.000Z',480000,'1','','2020-01-14T23:50:22+07:00',''),(51,81,74,'22','1','22','Điểm','2020-01-15T00:45:00.000Z','2020-01-15T01:45:00.000Z',50000,'4','','2020-01-15T00:29:26+07:00',''),(52,81,74,'33','2','33','Điểm','2020-01-15T00:45:00.000Z','2020-01-15T02:45:00.000Z',100000,'4','','2020-01-15T00:40:17+07:00',''),(53,81,74,'99','2','99','Điểm','2020-01-15T00:45:00.000Z','2020-01-15T02:45:00.000Z',100000,'4','','2020-01-15T00:41:27+07:00',''),(54,81,74,'11','2','11','Điểm','2020-01-15T00:45:00.000Z','2020-01-15T02:45:00.000Z',100000,'4','','2020-01-15T00:45:54+07:00',''),(55,81,74,'11','2','11','Điểm','2020-01-15T01:15:00.000Z','2020-01-15T03:15:00.000Z',100000,'4','','2020-01-15T01:08:00+07:00',''),(56,81,74,'33','5','33','Điểm','2020-01-15T03:30:00.000Z','2020-01-15T08:30:00.000Z',250000,'4','','2020-01-15T01:10:31+07:00',''),(57,81,74,'2','3','2','Điểm','2020-01-15T01:30:00.000Z','2020-01-15T04:30:00.000Z',150000,'4','','2020-01-15T01:12:06+07:00',''),(58,81,74,'5','3','4','Điểm','2020-01-15T01:30:00.000Z','2020-01-15T04:30:00.000Z',150000,'4','','2020-01-15T01:13:51+07:00',''),(59,81,74,'1','24','1','Điểm','2020-01-16T01:45:00.000Z','2020-01-17T01:45:00.000Z',1200000,'5','','2020-01-15T01:20:41+07:00',''),(60,81,74,'5','2','5','Điểm','2020-01-15T01:45:00.000Z','2020-01-15T03:45:00.000Z',100000,'4','','2020-01-15T01:28:57+07:00',''),(61,81,74,'2','3','2','Điểm','2020-01-15T01:45:00.000Z','2020-01-15T04:45:00.000Z',150000,'2','','2020-01-15T01:34:01+07:00',''),(62,81,74,'2','2','2','Điểm','2020-01-15T04:45:00.000Z','2020-01-15T06:45:00.000Z',100000,'5','','2020-01-15T01:35:36+07:00',''),(63,81,74,'6','3','6','Điểm','2020-01-15T04:45:00.000Z','2020-01-15T07:45:00.000Z',150000,'5','','2020-01-15T01:42:18+07:00',''),(64,81,74,'0','3','0','Điểm','2020-01-15T07:45:00.000Z','2020-01-15T10:45:00.000Z',150000,'3','','2020-01-15T01:45:27+07:00',''),(65,81,74,'333','3','333','Điểm','2020-01-15T13:00:00.000Z','2020-01-15T16:45:00.000Z',150000,'5','','2020-01-15T01:47:41+07:00',''),(66,100,77,'30A7777','1','0999999999','Điểm','2020-01-15T02:45:00.000Z','2020-01-15T03:45:00.000Z',25000,'1','','2020-01-15T02:49:41+07:00',''),(67,100,77,'44','2','44','Điểm','2020-01-15T03:00:00.000Z','2020-01-15T05:00:00.000Z',50000,'4','','2020-01-15T03:01:59+07:00',''),(68,100,77,'1111','2','1111','Điểm','2020-01-15T05:15:00.000Z','2020-01-15T07:15:00.000Z',50000,'2','','2020-01-15T03:07:12+07:00',''),(69,101,77,'1','2','1','Điểm','2020-01-15T04:00:00.000Z','2020-01-15T06:00:00.000Z',50000,'5','','2020-01-15T04:03:11+07:00',''),(70,103,79,'345','2','345','Điểm','2020-01-15T04:45:00.000Z','2020-01-15T06:45:00.000Z',20000,'4','','2020-01-15T04:44:20+07:00',''),(71,103,79,'6','4','6','Điểm','2020-01-15T04:45:00.000Z','2020-01-15T08:45:00.000Z',40000,'5','','2020-01-15T04:49:14+07:00',''),(72,103,79,'99','3','99','Điểm','2020-01-15T05:15:00.000Z','2020-01-15T08:15:00.000Z',30000,'4','','2020-01-15T05:10:06+07:00',''),(73,103,79,'88','3','88','Điểm','2020-01-15T05:30:00.000Z','2020-01-15T08:30:00.000Z',30000,'5','','2020-01-15T05:11:56+07:00',''),(74,103,79,'55','2','55','Điểm','2020-01-15T05:30:00.000Z','2020-01-15T07:30:00.000Z',20000,'5','','2020-01-15T05:14:29+07:00',''),(75,103,79,'99','2','99','Điểm','2020-01-15T05:45:00.000Z','2020-01-15T07:45:00.000Z',20000,'5','','2020-01-15T05:19:00+07:00',''),(76,103,79,'5555','4','5555','Điểm','2020-01-15T05:45:00.000Z','2020-01-15T09:45:00.000Z',40000,'4','','2020-01-15T05:24:03+07:00',''),(77,103,79,'678','2','678','Điểm','2020-01-15T05:45:00.000Z','2020-01-15T07:45:00.000Z',20000,'1','','2020-01-15T05:31:14+07:00',''),(78,103,79,'7777','3','7777','Điểm','2020-01-15T17:45:00.000Z','2020-01-15T20:45:00.000Z',30000,'1','','2020-01-15T05:40:02+07:00',''),(79,87,80,'9999','2','9999','Điểm','2020-01-15T09:45:00.000Z','2020-01-15T11:45:00.000Z',40000,'5','','2020-01-15T09:25:35+07:00',''),(80,87,80,'8888','1','8888','Điểm','2020-01-16T09:45:00.000Z','2020-01-16T10:45:00.000Z',20000,'5','','2020-01-15T09:26:40+07:00',''),(81,87,80,'2222','1','2222','Điểm','2020-01-15T21:45:00.000Z','2020-01-15T22:45:00.000Z',20000,'4','','2020-01-15T09:28:20+07:00',''),(82,87,80,'9090','1','9090','Điểm','2020-01-15T13:30:00.000Z','2020-01-15T14:30:00.000Z',20000,'4','','2020-01-15T09:33:51+07:00',''),(83,87,80,'1234','2','1234','Điểm','2020-01-15T09:45:00.000Z','2020-01-15T11:45:00.000Z',40000,'4','','2020-01-15T09:45:40+07:00',''),(84,87,80,'9999','2','9999','Điểm','2020-01-15T21:00:00.000Z','2020-01-15T23:45:00.000Z',40000,'5','','2020-01-15T09:46:44+07:00',''),(85,87,80,'3333','2','3333','Điểm','2020-01-15T09:45:00.000Z','2020-01-15T11:45:00.000Z',40000,'4','','2020-01-15T09:51:09+07:00',''),(86,87,80,'455','24','555','Điểm','2020-01-16T09:45:00.000Z','2020-01-17T09:45:00.000Z',480000,'5','','2020-01-15T09:52:00+07:00',''),(87,87,80,'789','2','789','Điểm','2020-01-15T09:00:00.000Z','2020-01-15T11:00:00.000Z',40000,'4','','2020-01-15T09:59:49+07:00',''),(88,87,80,'5555','1','5555','Điểm','2020-01-16T10:00:00.000Z','2020-01-16T11:00:00.000Z',20000,'5','','2020-01-15T10:01:34+07:00',''),(89,87,80,'000','2','0000','Điểm','2020-01-18T11:00:00.000Z','2020-01-18T13:00:00.000Z',40000,'5','','2020-01-15T10:02:41+07:00',''),(90,87,80,'222','1','222','Điểm','2020-01-20T10:15:00.000Z','2020-01-20T11:15:00.000Z',20000,'5','','2020-01-15T10:07:56+07:00',''),(91,87,80,'111','1','111','Điểm','2020-01-21T10:15:00.000Z','2020-01-21T11:15:00.000Z',20000,'5','','2020-01-15T10:08:46+07:00',''),(92,87,80,'1111','1','1111','Điểm','2020-01-17T22:30:00.000Z','2020-01-17T23:30:00.000Z',20000,'5','','2020-01-15T10:11:52+07:00',''),(93,87,80,'7777','1','7777','Điểm','2020-01-21T10:30:00.000Z','2020-01-21T11:30:00.000Z',20000,'5','','2020-01-15T10:13:54+07:00',''),(94,87,80,'33','1','33','Điểm','2020-01-22T10:45:00.000Z','2020-01-22T11:45:00.000Z',20000,'4','','2020-01-15T10:16:55+07:00','');
/*!40000 ALTER TABLE `transactions` ENABLE KEYS */;
UNLOCK TABLES;

--
-- Table structure for table `userDevices`
--

DROP TABLE IF EXISTS `userDevices`;
/*!40101 SET @saved_cs_client     = @@character_set_client */;
/*!50503 SET character_set_client = utf8mb4 */;
CREATE TABLE `userDevices` (
                               `id` int(11) NOT NULL AUTO_INCREMENT,
                               `deviceToken` text,
                               `credentialId` int(11) DEFAULT NULL,
                               PRIMARY KEY (`id`),
                               KEY `fk_credential2` (`credentialId`),
                               CONSTRAINT `fk_credential2` FOREIGN KEY (`credentialId`) REFERENCES `credentials` (`id`)
) ENGINE=InnoDB AUTO_INCREMENT=59 DEFAULT CHARSET=utf8mb4 ;
/*!40101 SET character_set_client = @saved_cs_client */;

--
-- Dumping data for table `userDevices`
--

LOCK TABLES `userDevices` WRITE;
/*!40000 ALTER TABLE `userDevices` DISABLE KEYS */;
/*!40000 ALTER TABLE `userDevices` ENABLE KEYS */;
UNLOCK TABLES;
/*!40103 SET TIME_ZONE=@OLD_TIME_ZONE */;

/*!40101 SET SQL_MODE=@OLD_SQL_MODE */;
/*!40014 SET FOREIGN_KEY_CHECKS=@OLD_FOREIGN_KEY_CHECKS */;
/*!40014 SET UNIQUE_CHECKS=@OLD_UNIQUE_CHECKS */;
/*!40101 SET CHARACTER_SET_CLIENT=@OLD_CHARACTER_SET_CLIENT */;
/*!40101 SET CHARACTER_SET_RESULTS=@OLD_CHARACTER_SET_RESULTS */;
/*!40101 SET COLLATION_CONNECTION=@OLD_COLLATION_CONNECTION */;
/*!40111 SET SQL_NOTES=@OLD_SQL_NOTES */;

-- Dump completed on 2020-01-15  4:47:41